MT	247		GA	[G]	MT-TL1	ENSG00000209082
MT	285		CAA	[C]	MT-TV	ENSG00000210077
MT	309		C	[CCT]	MT-TV	ENSG00000210077
MT	310		T	[TC]	MT-TV	ENSG00000210077
MT	512		AGC	[A]	MT-TL1	ENSG00000209082
MT	513		GCA	[G]	MT-RNR2	ENSG00000210082
MT	513		GCACACACA	[G]	MT-TL1	ENSG00000209082
MT	8270		CACCCCCTCT	[C]	MT-TC	ENSG00000210140
MT	11866		A	[AC]	MT-TT	ENSG00000210195
MT	16179		CAA	[CA, C]	MT-ND6	ENSG00000198695
MT	16182		A	[AC]	MT-ND6	ENSG00000198695
MT	16183		A	[AC]	MT-ND5	ENSG00000198786
MT	16188		CT	[C]	MT-ND5	ENSG00000198786
